{
  "chaining_djb2": {
    "load_factors": [
      0.1,
      0.5,
      0.7,
      0.9
    ],
    "insert_times": [
      0.0023720199940726163,
      0.012395519996061921,
      0.019951820001006128,
      0.03325993999605999
    ],
    "search_times": [
      0.001729780004825443,
      0.009516520006582142,
      0.01456032000714913,
      0.023492980003356933
    ],
    "delete_times": [
      0.0019487600191496312,
      0.012404859997332096,
      0.018544679996557532,
      0.027486060000956058
    ],
    "collisions": [
      58.4,
      1188.0,
      2175.2,
      3392.4
    ],
    "avg_chain_lengths": [
      0.09998200143988481,
      0.5,
      0.6999640028797696,
      0.8999280057595392
    ]
  },
  "chaining_polynomial": {
    "load_factors": [
      0.1,
      0.5,
      0.7,
      0.9
    ],
    "insert_times": [
      0.0028758600004948676,
      0.021310739987529814,
      0.017562319990247488,
      0.02261095999274403
    ],
    "search_times": [
      0.002003320003859699,
      0.011933600006159395,
      0.010905359999742358,
      0.014209639991167932
    ],
    "delete_times": [
      0.0022816199925728142,
      0.01188075999962166,
      0.012346219993196428,
      0.015680299990344794
    ],
    "collisions": [
      54.4,
      1196.4,
      2159.2,
      3401.0
    ],
    "avg_chain_lengths": [
      0.09998200143988481,
      0.5,
      0.6999640028797696,
      0.8999280057595392
    ]
  },
  "chaining_simple": {
    "load_factors": [
      0.1,
      0.5,
      0.7,
      0.9
    ],
    "insert_times": [
      0.0028845599852502348,
      0.020082440006081014,
      0.019259260001126675,
      0.033941479993518445
    ],
    "search_times": [
      0.002368599991314113,
      0.011675759998615831,
      0.014686700014863163,
      0.018893840012606234
    ],
    "delete_times": [
      0.0017492600018158555,
      0.019245699991006403,
      0.01536560000386089,
      0.017431139992550016
    ],
    "collisions": [
      810.6,
      5165.2,
      7368.2,
      9590.2
    ],
    "avg_chain_lengths": [
      0.09998200143988481,
      0.5,
      0.6999640028797696,
      0.8999280057595392
    ]
  },
  "open_linear": {
    "load_factors": [
      0.1,
      0.5,
      0.7,
      0.9
    ],
    "insert_times": [
      0.004971400008071214,
      0.0414711800054647,
      0.06597254001535476,
      0.19613463999703526
    ],
    "search_times": [
      0.00448121998924762,
      0.03000970002030954,
      0.059446759999264034,
      0.18555287998169662
    ],
    "delete_times": [
      0.004635619989130646,
      0.0323619999922812,
      0.058365500008221716,
      0.18640850000083448
    ],
    "collisions": [
      113.0,
      2792.8,
      5459.0,
      8964.4
    ],
    "max_probe_distances": [
      3.0,
      21.8,
      57.4,
      473.4
    ],
    "avg_probe_distances": [
      0.05787578757875787,
      0.5046796256299496,
      1.1598868603754178,
      4.4737963101844915
    ],
    "table_sizes": [
      22224.0,
      22224.0,
      22224.0,
      22224.0
    ],
    "table_size_bytes": [
      177792.0,
      177792.0,
      177792.0,
      177792.0
    ]
  },
  "open_double": {
    "load_factors": [
      0.1,
      0.5,
      0.7,
      0.9
    ],
    "insert_times": [
      0.005915980006102472,
      0.03696498000063002,
      0.07288059998245444,
      0.12964875000761822
    ],
    "search_times": [
      0.006173179997131228,
      0.03125417999690398,
      0.07402995001757517,
      0.11001965001923963
    ],
    "delete_times": [
      0.005860799981746823,
      0.03244543998735026,
      0.06559727499552537,
      0.11525044997688383
    ],
    "collisions": [
      87.0,
      2091.8,
      4084.0,
      6746.0
    ],
    "max_probe_distances": [
      2.4,
      9.6,
      11.0,
      23.5
    ],
    "avg_probe_distances": [
      0.05414165666266506,
      0.3062634989200864,
      0.4693794463015342,
      0.7133191120591961
    ],
    "table_sizes": [
      16668.0,
      16668.0,
      16668.0,
      16668.0
    ],
    "table_size_bytes": [
      133344.0,
      133344.0,
      133344.0,
      133344.0
    ]
  },
  "hash_quality": {
    "simple": {
      "collisions": 9591.0,
      "max_chain_length": 73.0,
      "avg_chain_length": 0.625,
      "empty_slots": 15591.0
    },
    "polynomial": {
      "collisions": 2533.0,
      "max_chain_length": 5.0,
      "avg_chain_length": 0.625,
      "empty_slots": 8533.0
    },
    "djb2": {
      "collisions": 2532.0,
      "max_chain_length": 6.0,
      "avg_chain_length": 0.625,
      "empty_slots": 8532.0
    }
  }
}